datetime,open,high,low,close,volume,return
20230718,27.2367,28.0219,26.5889,27.7373,45800100,0.007127786775147582
20230719,27.8845,27.914,26.5399,26.7852,49085500,-0.03432408268113363
20230720,25.313,25.578,23.4285,23.8407,67340600,-0.10993049007297073
20230721,24.5474,25.1167,24.0468,24.4591,43146400,0.02593644287434249
20230724,24.4492,24.9694,24.0566,24.4394,29911500,-0.0008024273388007597
20230725,24.8418,26.0982,24.8418,25.6467,39288500,0.04939757522280952
20230726,24.7339,25.2541,23.7622,24.5965,54225500,-0.040949121342185646
20230727,26.5006,27.5312,25.5191,25.9706,83083300,0.05586595774461678
20230728,27.4723,27.914,26.6478,27.6293,60636000,0.0638698619321798
20230731,27.9336,28.2182,27.433,27.8845,37007400,0.00923640788810065
20230801,27.2956,28.1888,26.9325,28.0023,36908400,0.00422387502074284
20230802,26.9913,26.9913,24.3315,24.8124,81886500,-0.11391525185329743
20230803,23.8407,25.1265,23.6248,24.6848,51031600,-0.005142270509026714
20230804,24.3609,25.47,23.6346,24.4198,59250900,-0.010735785565544553
20230807,24.9891,25.3032,24.518,25.1854,40030800,0.03135060135868062
20230808,24.0468,24.0959,22.9966,24.0076,52987700,-0.04676543179957571
20230809,23.9487,23.9879,22.5255,22.6629,49811500,-0.056009745384897225
20230810,23.2224,23.9585,21.8973,22.3881,65350400,-0.012126518897283445
20230811,21.5244,21.5931,20.6214,20.749,66258400,-0.0732135057255584
20230814,20.4742,22.5353,20.2779,22.5059,55110100,0.08467371381616173
20230815,22.2016,22.3979,21.2986,21.3968,45574800,-0.04928040107261633
20230816,21.3084,21.3771,20.0914,20.1503,54398900,-0.0582569803438594
20230817,20.2386,20.3662,19.3454,19.5417,50769000,-0.030199702949706975
20230818,18.8645,20.0521,18.7565,19.7773,63687900,0.012054273610011101
20230821,20.1306,21.6225,20.0129,21.4753,60272400,0.08585603795622654
20230822,22.2899,22.3979,20.7097,20.9551,59640500,-0.0242230424474551
20230823,20.5625,22.4666,20.5134,22.182,67010200,0.05854800958084483
20230824,23.4481,23.4776,19.8656,20.0325,87095000,-0.09690257127780033
20230825,19.9638,20.7784,19.0412,20.2779,73315300,0.012248934592719252
20230828,20.8668,21.1907,20.376,21.0238,57976500,0.03678608323859067
20230829,20.6999,22.8788,20.5821,22.6433,62384100,0.07703060495741076
20230830,22.4961,23.2616,21.9562,22.9672,58519900,0.014304474544290624
20230831,22.7414,23.8309,22.712,23.4187,57584100,0.019658068481475333
20230901,23.8996,24.0566,23.0751,23.5757,50183300,0.006705745370955585
20230905,23.3107,24.1254,22.9475,23.5757,39873800,0.0
20230906,23.4285,23.8407,22.2409,23.0064,45032300,-0.024146508439571224
20230907,21.4557,21.6421,20.6116,21.4655,61690800,-0.06697960537224346
20230908,21.3183,21.7796,20.8275,21.1023,40693000,-0.0169180241284681
20230911,21.8286,21.8973,20.2092,21.0532,55474600,-0.002325624486213651
20230912,20.6116,21.5734,20.4643,20.5527,49005100,-0.02377639356529937
20230913,20.4938,21.4655,20.4055,20.8373,56098900,0.013849166657541101
20230914,21.4557,21.5244,20.6606,21.2495,54201500,0.01978332875962252
20230915,20.8471,20.8766,19.0902,19.424,77383000,-0.08591213873371961
20230918,18.9332,19.8067,18.8449,19.5614,41631100,0.007074116643729811
20230919,19.4267,19.4758,18.7581,19.1022,50047300,-0.023470751047262484
20230920,19.3284,19.584,18.1289,18.1683,58695600,-0.04889329336025938
20230921,17.4604,17.8242,17.0966,17.1261,68048000,-0.05735955584040786
20230922,17.598,18.0601,17.3326,17.5391,65378900,0.02411017134140958
20230925,17.3129,17.9716,17.0475,17.9126,56510100,0.021300376988006464
20230926,17.4407,17.6177,16.7034,16.9492,70947400,-0.05378684253847088
20230927,17.3424,17.775,16.6051,17.3818,80980900,0.025522005731774655
20230928,17.2736,18.8958,17.0573,18.3256,88909800,0.05429873737085544
20230929,19.1022,19.3284,18.3452,18.5517,75732800,0.012338836631409222
20231002,18.6303,19.2497,18.1191,18.7581,65982800,0.011128857725217545
20231003,18.2862,19.0629,17.2343,17.5882,77741000,-0.0623690538034376
20231004,17.8733,18.4927,17.4702,18.3256,74018800,0.04192309318978138
20231005,18.2666,18.5517,17.5194,18.0896,63584100,-0.01287568791225946
20231006,17.716,19.4562,17.3621,19.1416,92805900,0.058152181419833804
20231009,18.6008,19.2006,18.1388,19.0531,62652500,-0.004622401723767489
20231010,19.23,20.2722,18.9646,19.7118,67622800,0.03457148111334685
20231011,19.9674,20.3312,19.4857,20.164,62660000,0.022943016540089234
20231012,20.3213,21.2061,19.7511,20.3312,83392100,0.00828850003726922
20231013,20.4491,20.5376,18.532,18.6598,88671200,-0.08220515639746406
20231016,18.8073,19.6626,18.7778,19.4758,65688500,0.04373030537075895
20231017,18.3157,19.4267,17.6079,18.9744,90214600,-0.025744634947036715
20231018,18.0601,18.473,17.6767,17.9716,81406400,-0.052849568951392145
20231019,18.4435,18.6107,16.9394,17.136,115930900,-0.04649886996985353
20231020,17.1261,17.4899,16.2905,16.3593,83690500,-0.04532429641944269
20231023,16.0742,16.9688,15.563,16.1135,89594500,-0.015024042245142977
20231024,16.379,16.841,16.143,16.7526,79093400,0.03965850410594074
20231025,16.1037,16.2413,14.4619,14.7175,107436500,-0.12147898849674343
20231026,14.8748,15.4155,14.2357,14.4815,101804700,-0.01603212464174375
20231027,15.0419,15.3074,14.6781,14.8453,91507300,0.025118841149304405
20231030,14.57,14.8551,13.7835,14.2849,104353000,-0.03774821482545265
20231031,14.2947,14.7765,13.7737,14.6487,75873100,0.025464321209688334
20231101,14.6978,15.7498,14.6781,15.6809,100044400,0.07046992667946417
20231102,16.6149,17.1163,16.1037,16.7919,89974100,0.07084656618819585
20231103,17.3031,18.4435,17.2048,18.0699,88065900,0.07611205319349645
20231106,18.1388,18.3256,17.4309,17.9421,52668800,-0.007072621003251345
20231107,17.8537,18.5615,17.7554,18.2862,56719500,0.01917814801380957
20231108,18.3452,18.6402,17.9716,18.3551,50269100,0.0037633283677147578
20231109,18.7188,19.3677,17.9716,18.0798,75784400,-0.014997290960787169
20231110,18.7385,20.4295,18.5124,20.2525,95598900,0.12017399700010989
20231113,19.7708,19.8592,19.2497,19.6823,57461900,-0.028155482902145312
20231114,21.1472,22.0123,21.0193,21.7665,94381100,0.10589410831435742
20231115,22.2286,22.789,21.8058,22.2483,78026200,0.022131845042471898
20231116,21.9926,22.5235,21.7665,22.3367,61404400,0.003977112080472578
20231117,22.091,22.8971,21.9926,22.7398,54090800,0.018045775361981597
20231120,22.7005,24.0081,22.6612,23.7721,56824400,0.04539566760108449
20231121,23.1724,23.2019,22.0713,22.4547,63297900,-0.055417712325511626
20231122,22.8381,23.7131,22.4351,22.612,64858200,0.007005336651054517
20231124,22.5825,22.7595,22.3662,22.7005,21933500,0.003913047182374063
20231127,22.4056,23.1429,22.2188,22.5825,40671500,-0.005197199939739217
20231128,22.1205,22.5039,21.5994,22.1598,53548300,-0.01872008065037878
20231129,23.0643,23.8901,22.7497,22.8283,69262600,0.03016860322746262
20231130,23.0544,23.0741,21.8157,22.4252,58913500,-0.017657276239415376
20231201,22.0025,22.8086,21.4716,22.6808,54913400,0.011398645638436289
20231204,21.9828,22.0615,20.9309,21.9337,55773300,-0.032943353249029084
20231205,21.3143,21.7174,20.98,21.5601,51980900,-0.01703266353332722
20231206,22.4449,22.5039,21.0488,21.1078,60117400,-0.020975816379863454
20231207,21.6486,23.0053,21.4519,22.789,77337000,0.0796461960244268
20231208,22.6218,23.6345,22.5629,23.3002,69286800,0.022432976389084924
20231211,23.9786,25.935,23.8999,25.6696,80772700,0.10168778374626108
20231212,25.3156,26.2693,25.1682,26.2004,55752100,0.020681604726918268
20231213,26.2496,27.9209,25.9743,27.449,80992700,0.04765488173255372
20231214,28.1372,29.9757,28.1274,29.6807,86502800,0.08130389190110932
20231215,29.9462,31.0571,29.838,30.0543,66922000,0.01258683989007836
20231218,30.0445,30.192,28.963,29.779,46100400,-0.009159287991714171
20231219,29.8184,30.4574,29.779,30.2313,39361100,0.015186517520628495
20231220,29.6906,30.1035,27.5768,27.626,59562600,-0.08617884024504885
20231221,29.3139,29.9642,28.9197,29.8164,62019200,0.07928804622267349
20231222,30.1711,30.6244,29.442,30.0627,42657600,0.008261761804664314
20231226,30.4766,32.0531,30.4569,31.6885,48619700,0.05408059661209297
20231227,32.0827,32.26,31.3831,31.8758,47991500,0.005907936018005211
20231228,32.1122,32.2995,31.5802,31.7477,34883800,-0.004018470952564912
20231229,31.6984,31.8758,30.4372,30.9397,53294900,-0.025450105771003706
20240102,29.4518,29.4617,26.8604,27.6289,79763800,-0.10700636557870247
20240103,26.2002,26.6535,25.5006,25.8652,62304900,-0.06383739130440791
20240104,24.5941,25.944,24.4364,25.205,75067000,-0.02552377974611386
20240105,25.274,26.2298,25.0276,25.5499,73944700,0.013682508591580156
20240108,26.1017,28.2497,26.0425,28.0132,73206500,0.09641340534561915
20240109,27.0969,28.7128,26.9491,28.0034,67616000,-0.0003517397055368132
20240110,28.2201,28.2596,26.6929,27.757,62528400,-0.008796518635856843
20240111,27.8359,28.6143,26.3874,28.0428,77551200,0.01029452852745627
20240112,28.161,28.5552,27.2052,27.6881,48992100,-0.012649281635531917
20240116,27.7373,29.3927,27.2939,28.7621,77707000,0.03878994681851755
20240117,27.9541,28.1315,26.5648,28.0132,77075400,-0.02603627652538054
20240118,30.2697,30.851,29.373,30.7328,99590300,0.09708063534022648
20240119,31.9447,34.4771,31.4324,34.349,91848600,0.11766593308930395
20240122,35.1569,36.0339,33.7184,34.7431,73322100,0.011474533213021498
20240123,34.7135,35.4821,33.7183,35.3934,50847400,0.018718016060263798
20240124,36.5561,38.3494,35.7284,36.8714,97248200,0.04175951000703382
20240125,38.9209,38.9505,35.9846,36.5758,82851400,-0.00801727689442977
20240126,34.3588,35.0288,33.206,33.5114,70933100,-0.0837823084241418
20240129,33.7282,34.615,33.0188,34.5263,54398800,0.030285431069829727
20240130,34.0534,34.615,32.5655,33.0385,55768200,-0.043093647351028164
20240131,31.4521,33.3735,30.6835,31.6294,85888800,-0.04264854370277227
20240201,31.8068,32.2403,30.7426,31.9743,60671300,0.010903443698657256
20240202,31.8758,33.4227,31.6984,33.1567,67828900,0.03698000034240567
20240205,34.0435,35.0781,32.9301,34.5854,65899800,0.04309058046464331
20240206,34.8515,34.9599,32.1812,33.3341,62828900,-0.03618230281018875
20240207,33.9351,34.9697,32.9695,34.8416,63261800,0.04522617838386389
20240208,35.2161,37.3937,35.1175,36.6054,59516900,0.05062218584828959
20240209,37.305,38.9604,36.6251,38.7436,65860900,0.05841181489897118
20240212,38.8323,40.7241,38.0834,38.5761,72207900,-0.004323580498084123
20240213,35.1865,37.4035,34.6446,36.2999,86489300,-0.05900379580291093
20240214,37.5809,38.6943,37.0587,38.5465,62424100,0.06188931893343819
20240215,39.4136,39.5319,37.9356,38.5367,60937300,-0.0002555237212013006
20240216,39.256,40.1822,37.4134,37.7681,77150800,-0.019943962451575925
20240220,36.6941,37.1178,34.1519,35.8861,80980100,-0.049830324751496846
20240221,34.5953,35.6201,34.0731,35.6102,64615200,-0.007688052415330882
20240222,39.857,41.4336,39.2855,40.8128,96865500,0.1460985538296733
20240223,41.5222,42.0543,38.8323,39.5811,68430000,-0.030178813945076266
20240226,40.6157,41.1872,39.8077,40.6059,49475100,0.025890058088163803
20240227,41.1971,41.5419,40.1822,40.5073,48124600,-0.002426585684027538
20240228,39.1574,39.9063,38.5761,39.2165,46281900,-0.03186569123539518
20240229,40.6059,42.4977,40.1723,42.212,67431600,0.076381889311117
20240301,43.7491,48.2324,43.5915,47.6215,90615500,0.12815119120786478
20240304,49.267,50.6563,48.2817,49.0404,81255500,0.029795279264005936
20240305,47.3062,48.2817,44.5965,46.1533,76835800,-0.05887087414679493
20240306,49.0404,51.0899,48.0058,49.4838,91762300,0.07216066755595452
20240307,51.3855,55.2382,51.3362,54.509,91590800,0.10155297458810897
20240308,55.1199,56.1545,48.0846,48.2324,129037200,-0.11514811907415756
20240311,46.2519,47.0894,44.4388,46.0844,76456400,-0.04453521506169367
20240312,47.7299,48.9616,45.3256,48.8532,89505900,0.06008108277464097
20240313,47.1978,47.3357,44.429,45.4045,79513600,-0.07059285608592158
20240314,44.833,45.6607,41.5617,42.8919,77822900,-0.05533856589780661
20240315,41.1971,43.4929,41.0099,42.1134,72496500,-0.018148507027622718
20240318,44.0447,44.5965,41.7095,41.9164,65139200,-0.004679257369662793
20240319,40.1462,41.3691,38.4106,40.8464,83450200,-0.025526459102041765
20240320,41.014,43.1934,40.0575,42.799,79396800,0.047802970589224225
20240321,46.9605,48.0848,45.4221,45.6687,82495700,0.06705068863604136
20240322,45.0474,46.8422,44.6234,45.787,57152800,0.002591262179065801
20240325,43.8837,46.5266,43.5287,45.2545,54917700,-0.01163054202213254
20240326,46.1716,46.714,44.2585,44.4064,55697600,-0.018740398349685772
20240327,45.5898,45.8955,43.3019,45.8561,56643600,0.03264488559879619
20240328,45.6687,46.645,45.3728,45.8856,45684700,0.000645126995183043
20240401,46.0829,49.2977,46.073,47.3254,63270000,0.031377684799716477
20240402,45.1953,45.5208,43.7654,45.2446,57411500,-0.043967572338551864
20240403,43.6767,46.5266,43.5978,45.5503,54158200,0.006756819421598115
20240404,47.4635,47.8185,41.3987,41.7832,82719300,-0.08270184033666228
20240405,42.1087,43.9133,41.3592,43.0159,71151400,0.029501987907126548
20240408,43.8838,44.5642,42.8976,43.3907,42780900,0.008711668737368505
20240409,44.7417,45.2151,42.5722,44.7614,66283900,0.03159080850800455
20240410,42.513,44.15,41.6057,42.4933,74894000,-0.05067207184220068
20240411,43.1047,45.4123,42.0692,45.1657,64703800,0.06289169679108908
20240412,42.7201,42.9469,40.4618,40.9352,79978400,-0.09366804479993085
20240415,42.3947,42.799,38.5585,39.2291,62077800,-0.041676723288788464
20240416,39.1995,40.5999,38.667,39.9786,62696200,0.019105131364977712
20240417,40.0378,40.2843,36.1326,36.5468,85426600,-0.08584105873314007
20240418,35.5409,36.2904,34.0518,34.4266,91529700,-0.05801417271565923
20240419,33.4897,34.1011,29.7818,30.3636,105240100,-0.11801774349660898
20240422,31.1427,32.3951,30.0776,31.6259,65096900,0.041571925659689146
20240423,32.3655,34.18,32.1387,33.6376,66511500,0.0636108449441628
20240424,36.3989,36.961,34.1208,34.9985,80370100,0.040457460185549854
20240425,34.7914,37.6513,34.1603,36.8919,80677600,0.05409969683870375
20240426,36.8032,39.7321,36.4975,39.2488,59041700,0.06388667149208982
20240429,39.0516,40.2646,38.1739,40.0476,51120700,0.020351743946455336
20240430,39.525,40.9154,37.5921,37.6513,56304200,-0.059837530924219284
20240501,35.5804,37.5329,33.184,33.894,97290300,-0.09979052801630794
20240502,35.4817,36.3989,33.6475,35.9452,56653400,0.06051794253243936
20240503,38.2134,39.0319,37.5724,38.4303,58599400,0.06913584098867998
20240506,39.4165,40.807,38.9333,40.7281,48404800,0.059789477780101574
20240507,40.9549,41.3296,39.7222,39.8011,51508400,-0.02276011212165796
20240508,38.5191,39.9391,38.4205,39.8504,53735100,0.0012387843294212608
20240509,39.8405,40.0575,38.7656,39.4066,39132700,-0.011135839126080072
20240510,40.5801,41.655,39.9589,40.4618,47048400,0.02677660957521666
20240513,41.0239,41.4874,40.5111,40.6985,30565400,0.0058494451399091485
20240514,40.6097,42.8384,40.4815,42.6116,41581500,0.047007637740557495
20240515,44.0514,46.4182,43.3808,46.3491,58063500,0.08771107160186142
20240516,46.3097,47.3649,45.5701,45.6194,46325500,-0.015744584468367684
20240517,46.3689,46.7239,43.7161,44.7713,40965800,-0.018590671826472893
20240520,45.3235,48.6173,45.1756,47.5818,55103200,0.06277531575788542
20240521,45.9054,47.5226,45.7673,47.3156,36437200,-0.005595878167809487
20240522,48.568,49.3076,47.4339,48.6962,55487800,0.0291789673050864
20240523,52.414,52.4633,46.8915,48.1341,81175900,-0.011543225011965919
20240524,49.3273,51.3489,48.6666,50.7276,48477400,0.05388238885609642
20240528,52.6013,54.1299,51.0333,53.2916,50658400,0.05054434342383818
20240529,50.4417,51.201,49.9486,50.274,42965600,-0.0566246456803442
20240530,50.136,50.629,48.3017,49.3076,38260500,-0.019223339013062613
20240531,49.6034,50.0176,43.7654,47.9171,72522600,-0.02819997111178696
20240603,50.1064,50.2247,45.4813,47.9171,53127300,0.0
20240604,47.7889,47.9763,45.787,46.931,46692500,-0.020580386417425767
20240605,49.3372,53.124,48.8835,52.7788,66560100,0.12460605093089971
20240606,53.0451,53.0451,50.5205,51.7828,43947600,-0.018871530197050235
20240607,51.5067,52.1674,50.1064,51.1517,50248700,-0.012188096612515409
20240610,49.8204,53.8242,49.7218,53.2029,43759400,0.040100355668699184
20240611,52.6408,53.7255,50.984,53.4198,37695700,0.004077632618422422
20240612,56.4572,58.6267,56.0233,57.9068,73759300,0.08399501617002603
20240613,59.2381,60.6385,57.4926,60.0172,45660700,0.03644411225138877
20240614,58.1336,59.7115,57.5419,59.2677,39112000,-0.012487711454040262
20240617,60.1553,62.2755,58.1336,61.8021,54196500,0.042762042537284106
20240618,62.5417,65.2734,62.2262,64.3365,47069100,0.041008437968488076
20240620,64.6127,64.9184,57.9759,59.1888,60852900,-0.08001216215222662
20240621,57.611,59.3466,55.2541,57.394,50012300,-0.030323222563346852
20240624,55.6683,56.6939,52.2956,52.483,54326400,-0.08556710740307016
20240625,53.6292,54.8356,51.77,54.6873,43610200,0.04200049120151106
20240626,54.5488,55.5971,52.2644,54.1731,41093400,-0.00940342417536666
20240627,53.728,54.9642,52.2348,53.2039,35417000,-0.017889689286234134
20240628,54.2621,57.931,53.4907,54.7466,55584600,0.028996305823574486
20240701,54.7466,54.9345,51.6711,54.7466,43335000,0.0
20240702,53.7577,57.1102,53.6786,56.9618,45011700,0.0404624575506074
20240703,57.4563,60.8384,56.5465,59.7209,40242700,0.04843741021917869
20240705,61.1746,61.6889,59.1276,60.1362,38395400,0.006954883195814832
20240708,61.5702,63.7854,61.5108,63.5975,42861600,0.057556169274775915
20240709,64.4084,65.4171,61.7284,63.5381,41789800,-0.0009327786926018877
20240710,65.16,68.2355,64.2897,67.83,48280800,0.06754841547340318
20240711,69.2343,69.3035,60.5417,61.3032,75368500,-0.0962238399823454
20240712,62.1438,66.5543,60.9669,63.2316,51046400,0.03145661809184275
20240715,64.2205,66.0203,62.3514,63.4293,48228700,0.003127938211033854
20240716,64.2996,64.8633,61.5405,64.5765,39846400,0.01808562775328748
20240717,57.9507,58.643,50.6525,50.9788,99429800,-0.21056672761375828
20240718,53.5599,53.5698,48.5758,51.0876,94172600,0.0021338993600472644
20240719,51.2063,51.7898,46.232,46.4793,75969100,-0.09020524084148263
20240722,49.4955,52.3633,48.2692,52.3436,73675300,0.12617026001911658
20240723,49.9405,51.4931,49.446,49.9701,50181600,-0.045342985693524795
20240724,47.8934,48.2494,41.7819,42.4247,90534800,-0.15099928828654618
20240725,41.0501,43.2158,36.9757,39.3393,143325900,-0.0727273250425734
20240726,41.772,42.5236,40.2589,41.4555,82759200,0.05379581711563253
20240729,42.8895,44.5014,40.8029,41.3468,80788400,-0.002623921755877112
20240730,41.9104,42.1972,36.3725,36.8274,108596000,-0.10930401374468734
20240731,41.8313,44.2641,40.9611,43.8982,96880500,0.1919977675762199
20240801,41.5841,42.9389,33.0497,34.6122,163864400,-0.21153410824440766
20240802,30.2214,31.24,27.8282,29.0149,198233900,-0.16171430637125028
20240805,23.2594,29.816,23.2396,27.581,220042200,-0.049420543122824734
20240806,28.2831,30.4587,26.869,28.2633,137309500,0.024740010326144812
20240807,30.973,31.5861,25.6526,25.9295,146256500,-0.08257525307508395
20240808,28.2535,31.2499,26.5723,31.1114,149988600,0.19984742382611342
20240809,30.3697,31.4378,29.2523,30.6664,96949800,-0.014303842765691188
20240812,30.7653,32.2289,29.8951,31.062,89135100,0.012899025726774038
20240813,32.2981,35.0375,31.8333,34.8891,103380000,0.12320923485764301
20240814,35.7791,36.234,32.9014,34.6617,112421600,-0.006519373394033301
20240815,36.9362,40.0216,36.4516,39.4777,107522700,0.13894431699434695
20240816,38.3602,39.7843,37.6482,39.2898,82364600,-0.004759373537577827
20240819,38.8448,41.2874,37.4702,41.1391,77684200,0.04706771252090003
20240820,40.5952,41.4555,38.6668,39.6458,83644600,-0.03629810378265197
20240821,40.2985,41.8907,39.8832,41.2676,83611500,0.04090797257708201
20240822,42.039,42.4049,36.6988,37.0944,107889900,-0.10112620869571332
20240823,38.7261,40.7534,38.1624,39.9524,87128100,0.07704598359782455
20240826,39.3096,39.8436,36.501,36.956,86603000,-0.07500002148324736
20240827,36.1055,38.5382,35.1265,38.0635,74033300,0.029970640335490684
20240828,37.668,38.4294,34.899,36.1945,101998500,-0.04910378998870535
20240829,36.6494,38.4987,35.2352,35.789,97333200,-0.011202164886238264
20240830,38.2514,38.7855,36.6494,38.3602,85280800,0.0718431853409307
20240903,36.3923,36.4022,29.0743,29.7368,140077900,-0.22480022180009307
20240904,28.7479,31.3389,28.4117,29.9643,108759900,0.007648807305602023
20240905,28.7281,30.8543,28.5106,29.4204,100075900,-0.018151847533748766
20240906,28.7875,28.8468,25.2175,25.6724,156147600,-0.1273949817799339
20240909,26.8789,27.4228,25.8603,27.1261,84474500,0.056625711864945805
20240910,27.2349,28.0754,25.9493,28.0359,81557500,0.03353979452227218
20240911,28.5699,32.0608,26.78,31.863,143140900,0.13650807840406354
20240912,31.3982,32.3278,30.0137,31.4576,98895800,-0.012725109136885515
20240913,32.1597,33.3464,32.0015,33.0596,78147300,0.050927436965142237
20240916,31.6751,32.2784,30.4983,31.8037,79670100,-0.037989919202693456
20240917,32.9409,33.1882,31.0125,31.8037,86913700,0.0
20240918,32.1795,33.6233,30.706,30.795,113735500,-0.031716320566889666
20240919,34.2958,36.0363,33.5046,34.7309,123984300,0.1278099034656166
20240920,33.6727,34.0189,31.685,33.1783,108589600,-0.044703862148062545
20240923,33.5936,33.9991,32.8223,33.5442,59731600,0.011028128009849203
20240924,34.515,35.367,33.2668,34.7429,83369600,0.035735535408131014
20240925,34.3863,36.1199,34.3268,35.4066,73587500,0.019104727557882395
20240926,39.825,40.1321,36.3676,39.2802,138171800,0.10940114031572001
20240927,39.6269,39.6368,36.754,37.3087,85253500,-0.05018926757943187
20240930,35.9119,37.0611,34.7231,36.3379,74316700,-0.026022109841660646
20241001,36.2487,36.645,32.4346,33.5145,124928300,-0.07769912669407797
20241002,33.5343,35.7137,32.8507,34.6339,81729100,0.03340221867247983
20241003,33.7522,36.2685,33.6631,34.8816,86857200,0.007151060466195069
20241004,36.962,37.1799,35.1194,36.3379,100846900,0.041749681047611675
20241007,35.585,36.8927,35.2382,36.0704,73150200,-0.00736109476653668
20241008,36.0803,37.4772,35.3274,37.1106,66629700,0.028838353248966664
20241009,36.9422,38.3985,36.1893,38.2499,67182800,0.030699436141196745
20241010,36.754,38.0616,36.0209,37.4771,79999000,-0.020202102807466593
20241011,36.5855,38.6858,36.5162,38.3093,58434500,0.022204488615601425
20241014,39.0721,40.677,38.983,40.4393,69661800,0.055598893349462
20241015,40.1123,40.8058,33.3262,34.1485,131664200,-0.155561064516059
20241016,35.4165,35.4165,33.6829,34.1386,70233000,-0.0002902202479003746
20241017,36.8233,37.0115,34.8816,34.8816,97549000,0.021764345154395404
20241018,35.9119,35.9911,34.5249,34.941,56704300,0.0017041779755420094
20241021,34.515,35.05,33.4154,34.7627,59115800,-0.005103617730985777
20241022,34.0791,34.7033,33.5343,34.3664,51493100,-0.01139908836263226
20241023,34.0891,34.5547,31.9888,33.4847,81658300,-0.02565580295874459
20241024,34.2575,34.416,33.2173,33.9702,60128300,0.014496986952575064
20241025,34.8618,36.5261,34.842,34.9509,82300500,0.02887139873932565
20241028,34.9707,35.7534,34.4259,35.0203,51661100,0.0019840260689107936
20241029,35.1293,38.0914,34.6141,37.6258,72288200,0.07439896666316637
20241030,34.6438,35.367,33.5937,33.6928,89440100,-0.10452872827883786
20241031,32.7021,32.712,28.9574,29.8093,135437800,-0.11526019093424633
20241101,30.4037,31.5331,30.0966,30.5424,80726000,0.02459292630005061
20241104,30.3245,31.3746,29.7301,30.0669,60422400,-0.015569314900684694
20241105,30.0768,31.1963,29.9679,31.0873,63174900,0.0339374122510645
20241106,32.9399,34.1782,32.0978,33.8018,97893100,0.08731675843674447
20241107,35.4364,36.0308,35.1094,35.8723,77945800,0.061254426314538035
20241108,35.2283,35.9416,34.515,35.0797,62666300,-0.022093329666690753
20241111,34.0296,34.089,31.1864,32.4643,99155700,-0.07455530098666374
20241112,32.0681,32.2464,30.0966,31.3746,75694800,-0.03356719413917175
20241113,30.5424,30.9288,29.1951,29.4131,92269200,-0.06251968925178109
20241114,30.3047,30.5523,29.106,29.3239,68994200,-0.003031400909011772
20241115,27.7487,28.2243,26.1835,26.4113,113560200,-0.09932428248512315
20241118,26.451,27.5704,26.0547,27.4119,70256700,0.03788433819616421
20241119,27.1147,27.7686,26.8373,27.5902,57030600,0.006505337524615129
20241120,27.085,27.3029,25.7575,26.877,90911700,-0.02585282086769447
20241121,27.7884,28.6503,26.2231,28.2243,106013200,0.05012900546955934
20241122,27.9865,28.4224,27.5803,28.2243,52604100,0.0
20241125,29.3041,29.8193,28.4719,29.0564,70536000,0.02948408543954706
20241126,29.7598,29.9679,27.2039,27.8676,73204200,-0.0409137781108353
20241127,27.4218,27.4912,25.3414,26.7283,84235700,-0.040881654840941195
20241129,27.293,28.7691,27.2435,27.7983,54303400,0.04002967740839747
20241202,28.2936,30.5127,28.1945,29.9183,89389800,0.0762651908636729
20241203,29.3041,29.9976,29.1258,29.4527,59730300,-0.01556291464613091
20241204,31.2458,31.2656,29.9579,30.592,67498800,0.038681367813306444
20241205,30.4632,30.5821,28.6106,28.8484,59282100,-0.05699468620370696
20241206,28.9276,29.5815,28.6304,29.3338,49152300,0.016826859821435836
20241209,28.7989,30.0372,28.3431,28.9574,54963000,-0.012833555600782032
20241210,29.1555,29.2546,26.3123,26.8076,77681700,-0.07423877937541556
20241211,28.0658,29.3536,27.5308,28.8484,77277400,0.07612723102717522
20241212,28.1846,28.5611,27.4813,28.1945,59937600,-0.022664928072751223
20241213,30.0867,31.018,29.2149,30.4137,103693900,0.07870701665302171
20241216,30.8297,32.6427,30.1065,32.2068,85469700,0.05895752247309183
20241217,31.2854,31.7907,30.2651,30.8396,64499000,-0.04244842150321737
20241218,31.4836,32.177,26.7482,27.5704,102912200,-0.10600708003176973
20241219,27.7091,27.7487,25.8169,26.0547,86520100,-0.05497666837013293
20241220,25.5792,28.1054,25.3513,27.0454,108080200,0.03802282871901519
20241223,27.708,29.5658,27.6782,29.3969,79330900,0.08694853719015261
20241224,30.0625,30.3705,29.4665,30.2811,39963700,0.030077693023796703
20241226,29.7049,30.8971,29.5658,30.3705,45184100,0.0029528175916599952
20241227,29.7844,29.9831,28.4034,29.4963,59316300,-0.0287863983587916
20241230,28.0557,28.5922,27.1417,27.7577,64859000,-0.05894239718364702
20241231,28.016,28.3836,26.7543,27.1318,61199500,-0.022548375175959978
20250102,27.9464,28.8604,26.8636,27.4894,80996300,0.013182049051397637
20250103,28.1352,29.9235,27.9762,29.6254,72119600,0.07770141908474848
20250106,31.6024,33.4106,31.6024,32.278,95159500,0.08953737613434143
20250107,33.351,33.5099,30.4003,30.9467,79205700,-0.04124353364019839
20250108,30.599,30.8077,28.9896,29.9831,69523500,-0.03113958978749154
20250110,28.8704,28.9002,27.261,27.8769,85395000,-0.07024526130002584
20250113,26.2675,27.6881,26.0787,27.6683,68286400,-0.007483959181489586
20250114,28.2842,28.771,27.0026,27.9365,79759400,0.009694857572074334
20250115,29.4565,30.2612,29.1088,29.7446,69461300,0.06472255777191704
20250116,31.2547,31.513,29.7943,29.7943,78881100,0.0016700485727381142
20250117,31.821,32.4966,31.2746,32.278,69688900,0.08336115947966816
20250121,33.1125,34.3047,32.2879,33.4702,60897500,0.03693430135895781
20250122,34.4636,35.9141,34.1855,34.9206,57709400,0.043336319807504076
20250123,33.2218,34.6921,32.7946,34.6921,44900600,-0.006543309567286659
20250124,34.712,34.712,32.0992,32.437,60111500,-0.06500561833149576
20250127,27.4795,27.8968,23.6844,24.8965,198431800,-0.23246568273372448
20250128,25.274,25.6317,23.595,25.2045,103185300,0.012370407399107775
20250129,25.9396,26.1284,24.6878,25.5124,94141700,0.012219098944749263
20250130,26.4066,27.4894,25.9694,26.9728,87140400,0.05724296069719026
20250131,27.4497,29.0591,26.5258,26.8437,102136600,-0.004788164115399951
20250203,24.6382,26.3171,24.1514,25.4429,103914300,-0.052183539300794224
20250204,25.1747,26.4264,25.0356,26.0787,60520500,0.024990173848109976
20250205,25.9198,27.7676,25.3733,27.5193,70330700,0.05523816447553331
20250206,26.9927,27.6186,26.5456,27.5093,59735100,-0.0003610337250135043
20250207,27.6881,28.0955,25.6316,26.1582,87930800,-0.04911526924788423
20250210,26.7443,27.3702,26.7245,27.1715,53330500,0.038739134980931844
20250211,26.5059,27.7179,26.5059,27.2212,43880500,0.001828129182179783
20250212,26.0092,27.3603,25.7807,27.3603,57999300,0.005109463069500775
20250213,27.3106,28.3637,27.2212,28.2842,61026300,0.033769116414279265
20250214,28.3041,28.6319,27.9266,28.3637,43089600,0.002809951418435652
20250218,29.0095,30.0327,28.5227,29.7943,60222200,0.050437869613982445
20250219,29.993,31.6819,29.5658,31.2647,58412700,0.0493497772201168
20250220,31.8508,32.427,30.4997,31.4932,50903200,0.007308584481532598
20250221,31.7018,31.7515,28.2147,28.622,61966500,-0.09116728037087884
20250224,28.9697,29.0691,26.486,26.5854,63724100,-0.0711558361037482
20250225,26.486,26.7443,24.658,24.9064,90907500,-0.06315395333423879
20250226,25.8204,26.8238,25.3535,26.1185,75869500,0.048663767732817
20250227,26.6053,26.7245,21.5882,21.6081,144841600,-0.1726891673127109
20250228,21.6578,23.0685,20.8828,22.5817,110939400,0.045057325730212705
20250303,23.5652,23.5752,19.5814,20.3762,141822100,-0.09766823305928851
20250304,20.1477,22.1148,18.876,20.5153,154119800,0.006825903743533868
20250305,21.1113,22.0154,19.9887,21.8068,117702400,0.06295399493227061
20250306,19.5814,20.8828,18.886,19.1045,164277600,-0.12391799233606426
20250307,19.3728,20.9524,18.6277,20.7438,139349200,0.08580338930526143
20250310,19.2138,19.6708,16.9884,17.8726,169215200,-0.13840992870252689
20250311,17.9322,18.3793,16.4023,17.2964,161267000,-0.03224015292416671
20250312,18.419,18.9853,17.7832,18.1806,137654500,0.051120095038834856
20250313,18.2601,19.1443,17.4653,17.972,117160200,-0.01147550872783032
20250314,18.9356,19.8,18.8661,19.6708,99718700,0.0945274291847944
20250317,19.3827,21.1411,19.3728,20.6543,82794200,0.050000169686027496
20250318,20.0583,20.2669,19.3926,19.8,79140900,-0.041366168536290826
20250319,19.7602,21.2306,19.333,20.247,83249700,0.022579014992758717
20250320,19.482,20.4358,19.4622,19.8,80380600,-0.022080459956357212
20250321,18.6972,19.3628,18.2501,19.1542,84348300,-0.03261419698796186
20250324,20.3464,21.2306,20.2371,20.863,91671300,0.08921170957211655
20250325,20.7583,20.9477,20.28,20.4793,57784400,-0.01839040149728388
20250326,20.2302,20.4394,18.1374,18.7254,94328400,-0.08564458312936662
20250327,18.1075,18.3467,17.3003,17.6989,103112800,-0.05481652212513233
20250328,17.2704,17.5295,15.6858,15.9748,138232400,-0.09740985274995428
20250331,15.0182,15.925,14.3505,15.8951,111345600,-0.00499067449863122
20250401,15.6759,15.935,14.779,15.8951,106085000,0.0
20250402,15.1377,16.8319,14.9783,16.2041,141655200,0.019435726746425575
20250403,13.7625,14.0714,11.3608,11.3707,302517400,-0.29827797756766095
20250404,10.0154,10.3941,8.1519,8.7,499158100,-0.23488168501314421
20250407,7.8529,10.9422,7.2051,9.1185,723467300,0.04810989180355141
20250408,10.3742,10.8027,7.5739,8.2216,488735500,-0.0983606163034324
20250409,8.4508,13.0649,8.2116,12.7261,787748800,0.5478788510087242
20250410,10.8824,11.1017,8.3213,9.5969,686331800,-0.2458888457158872
20250411,9.3178,10.3543,8.8793,10.1948,412972900,0.06230530245122656
20250414,11.1116,11.1216,9.9357,10.434,358849500,0.023460468988613314
20250415,10.5635,10.9821,10.3742,10.5635,230001400,0.012416439063331453
20250416,9.0986,9.7165,8.3013,9.3079,362439300,-0.11886800935733
20250417,9.5171,9.5171,8.8694,9.1683,233659100,-0.014989237195931149
20250421,8.6402,8.7099,8.122,8.68,255318100,-0.05326082298318191
20250422,8.9292,9.3677,8.8196,9.1484,249211900,0.053960952677496454
20250423,10.5436,10.8625,10.0653,10.2546,368456100,0.12091505209787878
20250424,11.012,12.0484,10.8127,11.9587,339636700,0.16618068128596986
20250425,11.59,12.5467,11.4704,12.2975,274438500,0.02833339673238866
20250428,12.1182,12.4869,11.4106,12.2477,203468900,-0.004051909168184098
20250429,11.7694,12.2278,11.58,11.8192,184045100,-0.03498784519717879
20250430,10.9522,12.168,10.713,12.1182,229393200,0.025295152881918748
20250501,12.4969,12.7659,12.0085,12.0584,203349500,-0.004934203018947203
20250502,12.8457,13.6429,12.8457,13.2443,223410600,0.09834708887517318
20250505,12.8855,13.3639,12.8257,13.0051,127572300,-0.018058663437701572
20250506,12.2876,12.9054,12.0783,12.5965,158548700,-0.031417625026802454
20250507,12.5666,13.3539,12.1879,13.2343,189249300,0.05063285868332712
20250508,13.7924,14.2907,13.334,13.613,203277000,0.02861453531834779
20250509,14.1611,14.4202,13.6927,14.0615,149644500,0.03294284743307663
20250512,16.8319,17.4099,16.4432,17.0711,263806000,0.21403259330155744
20250513,17.3003,18.7951,17.2205,18.536,212931800,0.08581439892703502
20250514,18.9047,19.3034,18.3666,18.7752,179343100,0.01290320589038818
20250515,18.257,18.8449,17.7587,18.4065,141287600,-0.019639154411073778
20250516,18.4662,18.536,17.6989,18.3267,113068600,-0.004331272840656153
20250519,17.091,18.1473,17.0312,17.9979,123632000,-0.01794456003096434
20250520,17.5594,17.9381,17.38,17.9082,84252500,-0.004983434298817202
20250521,17.4996,18.526,16.5927,16.9415,149964800,-0.053978793782835544
20250522,16.9116,17.37,16.4233,16.4532,144981100,-0.02882350490811425
20250523,15.1577,15.945,15.048,15.6759,179062600,-0.04724413830263641
20250527,16.6824,17.4498,16.2937,17.2305,136539700,0.09917365025384273
20250528,17.37,17.5095,16.8419,16.9814,126785300,-0.014459220760014269
20250529,18.1175,18.1473,16.8419,17.1408,179820200,0.009389731476458385
20250530,16.8419,16.8419,15.1876,16.1144,194058700,-0.05988386429410131
20250602,16.0047,17.0412,15.9848,16.8419,103937000,0.045145402155726266
20250603,16.8718,18.3168,16.523,18.237,158644000,0.08284014622000369
20250604,18.6157,19.1937,18.1573,19.0243,146325300,0.043169457715605875
20250605,19.4229,19.9212,18.3566,18.7453,187397100,-0.014667309390145933
20250606,19.3333,19.8814,19.0841,19.114,114398700,0.01967027227613727
20250609,19.6422,20.9875,19.6123,20.5092,162686000,0.07299282673959184
20250610,20.7683,22.024,20.6188,21.8147,142811000,0.06365391690514888
20250611,22.2831,22.5222,20.9178,21.5655,160395000,-0.011420737827175342
20250612,21.1669,21.9941,21.0174,21.6154,100384500,0.0023106063420195166
20250613,20.2501,20.9875,19.7717,19.9711,166989600,-0.0760718491943786
20250616,20.7583,22.1436,20.7185,21.8247,121972300,0.0928143160700794
20250617,21.5356,22.4525,21.2666,21.3463,122379500,-0.0219178611345886
20250618,21.6453,22.303,21.157,21.5357,113893800,0.008870305523512645
20250620,22.0638,22.2532,20.2999,21.137,137078900,-0.018510066927449387
20250623,21.1071,21.9044,20.2102,21.5058,125143700,0.017444590669026816
20250624,22.6534,24.023,22.6234,23.943,137608000,0.1133321986904543
20250625,24.3929,24.5929,23.8631,24.5729,107621600,0.02630476049209074
20250626,25.1727,25.3526,24.5829,25.1927,92382200,0.025223825405627176
20250627,25.2027,25.8325,24.2729,25.1027,113655600,-0.0035714877877951468
20250630,25.4826,25.4926,24.6728,25.1027,78035000,0.0
20250701,24.3729,25.1627,23.5732,24.7028,107277300,-0.015929962416366794
20250702,24.5029,26.3823,24.4429,26.0424,107157100,0.0542290701857322
20250703,26.3923,26.7122,26.2224,26.4223,62695800,0.014587363823891364
20250707,25.7225,26.0424,24.6129,24.9627,93297600,-0.05524024668612881
20250708,25.6226,27.0221,25.3526,26.3623,90457500,0.05606727981888904
20250709,26.6223,27.402,25.8825,26.6423,86818700,0.010618126494460478
20250710,27.382,27.7219,26.6523,27.3621,87602500,0.02701690559360581
20250711,26.8422,27.532,26.5423,27.2821,71855400,-0.0029229181501360113
20250714,26.6323,26.7622,25.3126,26.4923,99670600,-0.02894831701863243
20250715,28.0419,28.4517,27.2021,27.2821,108926200,0.029811304100471725
20250716,26.5923,27.0421,24.9028,27.0222,125700900,-0.009527279164275648
20250717,26.9522,27.502,26.4123,27.3121,85334100,0.010728794134190922
20250718,27.652,27.8919,26.7522,27.3221,68274300,0.0003660072623214994
20250721,27.552,28.4917,27.432,27.492,79860300,0.00622026580932733
20250722,27.1121,27.2721,25.3326,26.3124,118871600,-0.04290908142318728
20250723,25.6425,25.9025,24.8328,25.7725,105639200,-0.02051669661416844
20250724,25.6525,25.7825,24.9428,25.6126,77503300,-0.006206308527119009
20250725,25.1627,25.6126,24.8228,25.5926,68037900,-0.0007806613437025822
20250728,26.3723,26.9822,26.3324,26.8722,88108400,0.049999944104413
20250729,27.402,28.1518,26.4923,27.0222,101714500,0.005580402771910187
20250730,27.7419,28.1218,26.9222,27.602,96772200,0.02145765885301798
20250731,26.6922,26.7322,24.193,24.9727,133413800,-0.09525541019285777
20250801,23.5732,24.8228,22.5634,24.073,132665200,-0.0360288125405277
20250804,24.5829,25.1727,24.233,24.9927,85963800,0.038205991385280136
20250805,25.4126,25.6725,23.6031,24.5129,99733400,-0.019199988888374153
20250806,23.8331,24.113,22.9433,23.983,103447500,-0.021615013233935665
20250807,25.4726,25.8725,24.5229,24.9927,117228400,0.042100868966605365
20250808,25.1527,25.8225,24.8928,25.7025,71389900,0.02839997243462067
20250811,26.0224,26.8822,25.4426,25.6026,75943500,-0.0038894948020222753
20250812,26.2024,28.0718,25.6725,27.9919,125315900,0.09332289164453322
20250813,28.6417,29.3215,28.3018,29.2615,89497100,0.04535718666103383
20250814,28.1118,29.6514,27.9419,29.4115,84286800,0.005124677564765312
20250815,28.7017,28.7017,27.0621,27.3621,93664700,-0.06968047427531632
20250818,27.0921,27.642,27.0222,27.522,50310400,0.005845836300272023
20250819,27.562,27.8519,26.0924,26.2324,75595100,-0.04685803492120322
20250820,26.1024,26.1024,23.6531,25.7925,117636500,-0.016768313631304044
20250821,25.3926,25.8925,24.9028,25.3426,67871100,-0.017441781786049937
20250822,25.5526,28.3118,25.3326,27.442,117140900,0.08284023267833196
20250825,27.3421,27.572,26.8022,27.2921,55018700,-0.005464525311717927
20250826,27.522,28.2118,27.512,27.9319,57544300,0.023443233427016263
20250827,27.602,28.2218,27.2721,28.1718,61375200,0.008589864542999148
20250828,28.4017,29.1015,27.9519,28.5217,74466400,0.012420121806522522
20250829,27.3121,27.3421,25.6625,26.0324,108411300,-0.08727648848517466
20250902,24.073,25.2727,23.7931,25.2427,101906700,-0.030337996973292647
20250903,25.4026,25.4026,24.113,24.9028,79482200,-0.013465335522270805
20250904,24.4029,25.7225,23.973,25.6425,81641200,0.02970691136432202
20250905,26.8122,26.9622,25.5926,26.4423,110749400,0.03118911586444617
20250908,26.9522,27.422,26.6723,27.0721,72341700,0.023818488840031238
20250909,27.1621,27.3621,26.5623,27.1721,55882300,0.0036927924179885885
20250910,28.4717,28.8216,28.0618,28.5917,86721600,0.05224431628535409
20250911,29.0516,29.6014,28.9616,29.1615,69919800,0.019930045345377678
20250912,29.3615,29.5414,28.7816,29.2915,52502600,0.004456591418204869
20250915,29.1315,30.0213,28.9116,29.9913,61268000,0.023890850765791782
20250916,30.3212,30.6411,29.7813,30.4711,54148200,0.015999926736534942
20250917,30.2712,31.2409,29.1515,30.4611,80483900,-0.000328061645794131
20250918,32.7505,34.1301,32.4206,33.6302,104513300,0.10403680806040416
20250919,33.5503,33.5902,32.1107,33.0104,66106100,-0.01843043125294419
20250922,33.1904,34.7399,33.1804,34.42,62948200,0.042701312916732626
20250923,34.7,35.3,33.67,34.3,63661700,-0.0034863143018127873
20250924,33.96,34.39,32.81,34.2,58369900,-0.002915407473626064
20250925,32.44,34.06,31.36,33.85,79969600,-0.010233984824866926
20250926,33.93,34.23,32.83,34.02,60944500,0.005022215400468877
20250929,35.03,35.49,33.99,34.02,56593700,0.0
20250930,34.07,34.96,33.57,34.84,60696800,0.024103459253101978
20251001,34.18,36.98,33.98,36.86,67094700,0.05797934698383256
20251002,38.96,39.32,38.14,39.08,68834400,0.0602279214308985
20251003,39.48,40.06,37.62,38.23,69252500,-0.02175031343378575
20251006,42.83,43.37,41.66,41.71,99880300,0.09102797760673886
20251007,42.78,43.02,38.7,38.83,96375900,-0.06904812554863138
20251008,38.87,42.94,38.68,42.78,77149800,0.10172538660771169
20251009,42.58,42.84,41.01,42.24,63095700,-0.012622653488513103
20251010,42.52,42.84,34.17,34.21,204858900,-0.19010422052344977
20251013,38.23,39.47,37.37,39.14,89274100,0.1441099221605482
20251014,36.62,39.01,35.95,36.63,100358200,-0.06412872663960834
20251015,39.55,40.17,37.71,39.98,96059800,0.09145504713176544
20251016,41.45,41.93,39.28,40.57,89397000,0.014757382674919661
20251017,39.61,40.8,38.32,40.29,92083400,-0.0069016214297037415
20251020,41.16,43.04,41.13,42.24,62424500,0.0483991243144386
20251021,41.81,42.03,40.52,41.51,54386700,-0.017282275755820753
20251022,40.08,40.81,35.97,38.39,110646700,-0.07516258872663639
20251023,37.73,41.47,37.55,41.17,72467000,0.07241466067974156
20251024,43.43,44.16,42.96,43.14,69872500,0.047850408266209454
20251027,45.49,47.16,45.14,46.84,72684100,0.08576728825423396
20251028,46.44,47.61,45.94,46.96,53995000,0.002561890083131013
20251029,49.37,50.76,48.05,49.38,88268800,0.05153326300729755
20251030,48.5,49.97,47.27,47.39,76956300,-0.040299749603524115
20251031,48.77,49.99,46.71,47.78,75650400,0.00822957152714432
20251103,49.5,50.19,48.03,48.58,52610600,0.016743471582181257
20251104,44.77,46.88,42.53,42.8,87734300,-0.11897905261706443
20251105,43.22,48.43,43.21,46.83,76488900,0.09415894079046061
20251106,46.46,46.99,42.15,43.01,106419600,-0.08157171386203743
20251107,41.1,41.74,37.04,41.74,143013500,-0.029527939842549977
20251110,45.06,45.52,43.46,44.96,74223300,0.07714416091331922
20251111,43.72,44.04,41.65,41.81,80862700,-0.07006222809887741
20251112,44.01,44.63,42.85,43.71,77730900,0.045443617526293556
20251113,42.17,42.64,38.0,39.22,126123700,-0.1027224424116846
20251114,35.74,40.6,35.15,38.86,125398600,-0.009179005587626743
20251117,37.9,40.08,35.53,36.84,101936600,-0.051981482913965316
20251118,35.31,36.01,33.15,34.35,153515800,-0.06758962182826922
20251119,34.72,37.3,34.2,35.96,120458900,0.04687047108792508
20251120,38.79,39.19,30.41,30.81,228883600,-0.14321467601911086
20251121,30.85,33.04,28.12,31.73,205537900,0.029860437917596183
20251124,32.69,36.31,32.65,35.86,108832500,0.1301607667096787
20251125,34.34,36.45,32.05,36.17,108634700,0.00864466127488761
20251126,37.44,40.15,37.3,39.19,104203900,0.08349462567450638
20251128,39.65,41.33,39.25,41.26,57190400,0.052819590899741975
20251201,39.58,42.36,39.46,41.31,79426200,0.0012119014491505098
20251202,42.79,44.61,42.03,43.8,111736200,0.0602759085207738
20251203,44.45,46.68,43.15,46.58,94299300,0.06347037996388583
20251204,45.89,46.1,44.44,45.16,77656900,-0.03048522816278354
20251205,46.47,48.05,46.3,46.5,77049800,0.029672279829838777
20251208,47.56,48.6,46.7,47.99,69225000,0.03204304684874826
20251209,47.04,48.05,46.47,47.79,56373300,-0.004167550655227337
20251210,47.65,50.09,47.01,49.65,91153100,0.03892028823433713
20251211,48.01,48.9,44.66,48.79,88063000,-0.017321260501941937
20251212,46.92,47.38,41.06,41.71,138088200,-0.14511173802420418
20251215,43.11,43.42,40.8,41.18,78218600,-0.012706755956131799
20251216,40.75,41.66,39.24,40.49,94566700,-0.016755673181048092
20251217,41.0,41.32,35.7,36.01,126113900,-0.11064468192689969
20251218,39.97,40.42,38.11,38.58,97164000,0.07136916493508072
20251219,39.6,42.36,39.5,41.72,92529100,0.0813893012084026
20251222,44.45,44.56,42.73,43.26,62717400,0.03691268110667911
20251223,42.62,43.8,42.22,43.7,44455700,0.010171115545033027
20251224,43.72,44.36,43.59,44.21,30717800,0.011670441936598719
20251226,44.75,44.79,43.81,44.21,38006400,0.0
20251229,42.98,44.33,42.35,43.82,54612100,-0.008821519966631497
20251230,44.15,44.75,43.57,43.67,40697400,-0.003423129322765006
20251231,43.89,44.15,42.01,42.03,44754800,-0.037554372759618704
20260102,45.13,48.09,45.08,47.24,132719700,0.12395914942867581
20260105,50.35,51.22,48.63,49.22,94987500,0.04191362133542986
20260106,51.11,54.3,51.07,54.01,92678600,0.09731810203237634
20260107,52.2,52.74,50.84,52.29,65698500,-0.03184590741451876
20260108,51.8,51.81,48.13,49.65,79844800,-0.05048765238909181
20260109,51.09,54.76,50.31,53.95,87214400,0.08660622567794429
20260112,52.39,55.15,52.35,54.65,53193700,0.012974990788513718
20260113,55.69,57.63,55.43,56.07,61895400,0.025983497333900152
20260114,54.89,55.44,53.0,55.38,70434900,-0.012306021588451621
20260115,60.96,61.67,58.01,58.08,89664300,0.0487540756746927
20260116,61.19,62.19,59.5,60.75,58559500,0.04597104140443897
20260120,57.34,61.05,57.22,57.94,71408300,-0.04625516663853524
20260121,60.24,65.11,59.46,63.48,103027300,0.09561617271032397
20260122,66.9,66.96,63.04,63.72,62594200,0.003780744804623204
20260123,62.48,63.36,60.15,61.6,58613600,-0.03327060116083658
20260126,60.75,61.96,59.6,60.7,42592400,-0.014610352816156968
20260127,63.31,65.99,62.54,64.96,61155400,0.07018119057642846
20260128,69.0,70.93,67.98,70.09,74205500,0.07897163370872318
20260129,70.4,71.98,62.65,70.47,78058200,0.005421670747143059
20260130,67.12,69.86,60.29,61.79,83504200,-0.12317298360746609
20260202,59.46,66.94,59.1,65.2,66961000,0.055186858426764296
20260203,66.81,67.62,57.02,61.2,101338500,-0.06134963761544432
20260204,59.44,61.03,49.33,53.19,139149400,-0.13088238621527992
20260205,51.31,55.49,50.01,53.25,109350300,0.0011280574326033577
20260206,56.4,62.25,55.67,61.75,108594200,0.15962441314554
20260209,59.99,65.05,59.29,64.03,66670500,0.03692305715460531
20260210,64.67,65.21,61.42,63.34,58273900,-0.010776177414704047
20260211,67.21,69.1,63.23,68.05,89724200,0.07436063921413627
20260212,69.67,70.86,62.77,63.1,90896100,-0.07274069589492627
20260213,63.93,66.25,61.43,64.59,79931300,0.0236132789191843
20260217,62.02,65.96,59.56,64.35,79420400,-0.003715712608404975
20260218,65.26,68.45,64.07,66.29,69349000,0.03014766880198816
20260219,64.33,65.51,62.96,65.23,68827500,-0.015990308401782838
20260220,63.76,68.22,63.58,67.11,81017900,0.02882105099904364
20260223,65.85,67.65,63.47,65.86,66926300,-0.018626136024907036
20260224,68.11,70.0,66.35,68.53,66892100,0.040540512362607695
20260225,70.89,72.36,70.48,71.86,52929300,0.04859188516519697
20260226,71.03,71.11,61.63,65.34,97787900,-0.09073203753245895
20260227,61.51,63.76,60.66,62.77,70112700,-0.03933266030253224
20260302,58.11,62.82,58.05,62.76,81699800,-0.00015934580464438408
20260303,55.12,55.86,51.36,53.42,131198300,-0.14882091144644438
20260304,55.96,57.72,54.38,56.62,78143300,0.05990267451562192
20260305,55.32,57.69,51.13,54.8,110055800,-0.03214411390246974
20260306,50.09,53.36,46.8,47.89,125241500,-0.1260948894820233
20260309,45.51,53.78,44.53,53.32,114897700,0.11338484807643345
20260310,53.36,57.78,53.36,54.59,104717600,0.023818463335192996
20260311,55.5,57.74,55.35,56.09,83007700,0.02747755991586831
20260312,53.53,53.88,49.53,50.28,105674400,-0.10358355067722269
20260313,51.88,53.96,50.04,50.72,83244300,0.008751043199854314
20260316,54.06,55.68,53.01,53.69,79819200,0.058556729781653605
20260317,55.1,55.4,53.3,54.95,59567700,0.023468097754870465
20260318,55.03,56.48,54.0,54.02,75470000,-0.016924482115803885
20260319,49.53,56.11,48.5,54.85,93732700,0.015364642897520264
20260320,54.69,55.36,49.0,51.14,101773000,-0.06763900068699324
20260323,54.63,56.81,52.28,53.03,115257400,0.036957360426386865
20260324,51.54,56.09,51.54,54.96,92153500,0.03639450027536606
20260325,56.64,58.25,55.59,57.04,84440300,0.03784573991454687
20260326,54.19,54.44,48.87,48.97,116603800,-0.14147965577306676
20260327,48.04,49.38,45.96,46.61,99401400,-0.04819278234679358
20260330,47.86,48.29,39.52,40.62,139746200,-0.1285132289214449
20260331,42.88,48.18,42.61,47.91,138002100,0.17946826950320371
20260401,50.04,54.09,49.62,52.26,121955600,0.09079520951733122
20260402,46.06,53.07,46.05,52.75,104471700,0.009376228362121708
20260406,53.75,55.6,52.88,54.81,68780400,0.03905215873537471
20260407,54.32,56.6,52.13,56.55,107326500,0.03174599197542505
20260408,66.33,67.98,63.56,67.5,111697300,0.1936339683584518
20260409,68.12,72.28,68.12,71.98,79331600,0.06637042010271998
20260410,74.3,78.3,74.3,76.39,78863600,0.06126696064248027
20260413,75.59,80.74,75.25,80.56,64504600,0.05458827336383498
20260414,83.27,85.57,80.71,85.31,61657000,0.058962265937820835
20260415,84.66,85.98,79.76,85.96,68425400,0.007619288998718554
20260416,85.01,89.39,83.31,88.37,63777500,0.028036338852692078
20260417,93.2,94.75,90.66,94.68,67081400,0.07140429288758621
20260420,95.97,96.93,92.03,95.94,49367800,0.013308007310616654
20260421,97.97,99.95,95.32,98.09,65206900,0.02240977529469479
20260422,102.94,106.09,99.6,105.64,58165200,0.07697016345836438
20260423,108.62,116.77,107.46,112.77,96510200,0.06749334811257701
20260424,125.21,130.12,120.24,128.32,83092400,0.1378913819636831
20260427,128.33,129.59,117.79,123.39,73334600,-0.03841963570118845
20260428,108.75,115.62,103.99,109.56,94099700,-0.11208365264174669
20260429,114.76,118.32,112.3,117.97,55503700,0.0767616269579745
20260430,122.81,127.45,117.5,126.98,58536700,0.0763753669831213
20260501,124.39,131.38,121.66,130.4,40940300,0.02693330011921158
20260504,132.2,133.67,123.8,127.55,46455700,-0.021855759034689615
20260505,135.0,147.26,134.02,144.16,52130100,0.1302234434570062
20260506,157.84,166.0,149.06,165.85,65579200,0.1504578377525887
20260507,162.12,162.9,147.61,152.1,72375200,-0.08290623752776893
20260508,163.0,177.5,161.51,176.94,47016500,0.16331357883697328
20260511,181.0,191.29,178.94,190.42,50496000,0.07618399198340109
20260512,177.62,182.24,150.58,172.52,91705600,-0.09400269965659314
20260513,183.84,188.49,172.26,184.24,59522300,0.06793415795535052
20260514,182.67,189.56,178.28,186.19,43319000,0.010584003962779587
20260515,167.0,174.4,161.14,164.18,62126600,-0.11821262944852007
20260518,172.95,174.61,142.69,151.75,75610500,-0.07570954580518041
20260519,141.24,160.6,135.02,151.89,85384000,0.0009225659943883358
20260520,161.0,173.7,161.0,173.2,58913200,0.1402988850103719
20260521,171.26,179.97,168.23,178.39,52278700,0.02996537259153187
20260522,184.8,195.27,183.34,190.56,45133000,0.06822130282294014
20260526,211.38,228.5,209.89,225.79,52533000,0.18487613444005468
20260527,242.66,242.66,204.0,217.98,74732700,-0.034589653176952395
20260528,219.0,231.89,207.56,224.63,47153500,0.030507428597188913
20260529,231.82,239.07,218.56,224.34,37035700,-0.0012910498981343332
20260601,217.27,234.06,210.14,227.03,37499600,0.011990739437093945
20260602,243.18,267.08,238.82,266.32,42799700,0.17306086753370842
20260603,281.47,284.58,257.26,280.54,49817200,0.053394415851722554
20260604,242.04,274.5,228.55,262.7,59036000,-0.06359162969453591
20260605,230.85,233.69,181.81,182.54,108280300,-0.30513899960432866
20260608,210.62,222.19,201.69,211.44,68180500,0.1583215197667529
20260609,227.06,231.02,157.56,201.68,124754300,-0.04615971269830865
20260610,191.54,212.99,177.3,180.65,94924200,-0.10427409531447418
20260611,192.3,225.63,192.3,223.99,72493400,0.23991150324374932
20260612,222.22,242.4,214.74,234.68,50419100,0.047725286488032426
20260615,265.99,274.88,261.6,272.5,39914100,0.16115565239712804
20260616,267.13,274.93,226.0,226.19,54771900,-0.16994494516915137
20260617,247.42,259.79,233.3,233.86,49127300,0.03390953661151408
20260618,266.04,286.15,265.0,279.29,49319800,0.19426155741042694
20260622,299.26,302.0,286.24,300.77,36399600,0.07690923345471234
20260623,236.0,252.98,223.0,231.42,70699700,-0.23057483584764893
20260624,233.11,237.0,211.13,229.57,57018500,-0.007994083741094782
20260625,268.05,268.4,225.74,252.61,57401800,0.10036151305076069
20260626,226.24,231.25,212.1,215.6,51987400,-0.14651040899969547
20260629,216.36,238.65,192.3,236.52,48952600,0.09703152864894182
20260630,241.45,272.0,240.59,266.71,36721000,0.12764242616806154
20260701,237.79,246.47,215.38,217.55,60156300,-0.18432001041700874
20260702,219.23,226.13,168.88,181.47,91060900,-0.1658469378300621
20260706,197.21,210.8,194.22,194.65,42756600,0.07262904384814428
20260707,165.4,171.88,150.08,165.28,78957300,-0.15088618565694167
20260708,159.21,176.75,158.87,174.82,63175900,0.057720284458985915
20260709,199.81,204.55,189.46,192.45,52530500,0.10084652148153217
20260710,182.4,195.94,176.8,192.26,37626300,-0.000987282122209332
20260713,174.61,177.67,161.55,165.37,52686700,-0.1398626867675914
20260714,187.69,188.43,170.26,176.66,49269200,0.06827120323079972
20260715,183.77,184.0,150.0,165.55,67008900,-0.0628891677801684
20260716,150.44,155.83,138.0,142.48,75038400,-0.1393537112591059
20260717,124.73,141.6199,116.47,140.95,74490285,-0.010738340996462759
